"Comment","Description","Designator","Footprint","LibRef","Pins","Quantity","PartNumber","url",
"8.2p","desc","C11,","C_0402_1005Metric","libref","2","1","","",
"6.8p","desc","C12,","C_0402_1005Metric","libref","2","1","","",
"33p","desc","C13,","C_0402_1005Metric","libref","2","1","","",
"10u","desc","C15,C14,C10,C9,","C_0805_2012Metric_Pad1.18x1.45mm_HandSolder","libref","2","4","","",
"4.7u","desc","C17,C16,","C_0603_1608Metric_Pad1.08x0.95mm_HandSolder","libref","2","2","","",
"1u","desc","C20,C33,C31,C30,","C_0603_1608Metric_Pad1.08x0.95mm_HandSolder","libref","2","4","","",
"10n","desc","C29,C28,","C_0402_1005Metric","libref","2","2","","",
"4.7u","desc","C34,","C_0805_2012Metric_Pad1.18x1.45mm_HandSolder","libref","2","1","","",
"22p","desc","C35,C32,","C_0402_1005Metric","libref","2","2","","",
"100n","desc","C38,C37,C36,","C_0402_1005Metric_Pad0.74x0.62mm_HandSolder","libref","2","3","","",
"CP","desc","C43,C42,C41,C40,C39,","CP_EIA-6032-28_Kemet-C_Pad2.25x2.35mm_HandSolder","libref","2","5","","",
"4.7u","desc","C5,C4,","C_0603_1608Metric","libref","2","2","","",
"1u","desc","C6,C3,C2,C1,","C_0603_1608Metric","libref","2","4","","",
"10u","desc","C7,","C_0603_1608Metric","libref","2","1","","",
"100n","desc","C8,C26,C25,C24,C19,C18,","C_0402_1005Metric","libref","2","6","","",
"LED","desc","D11,","LED_0603_1608Metric_Pad1.05x0.95mm_HandSolder","libref","2","1","","",
"Diode_Schottky","desc","D4,D3,D2,D1,","D_SOD-323F","libref","2","4","","",
"LED","desc","D5,","LED_0603_1608Metric","libref","2","1","","",
"IP4292CZ10","desc","D9,D8,","SOT1176-1","libref","10","2","","",
"LM26480","desc","IC1,","WQFN-24-1EP_4x4mm_P0.5mm_EP2.6x2.6mm","libref","29","1","","",
"M25P80-VMN6P","desc","IC2,","DFN-8-1EP_6x5mm_P1.27mm_EP4x4mm","libref","25","1","","",
"25MHz","desc","IC3,","Oscillator_SMD_Abracon_ASE-4Pin_3.2x2.5mm_HandSoldering","libref","4","1","","",
"SOT95P275X110-5N","desc","IC5,IC4,","SOT95P275X110-5N","libref","5","2","","",
"M25P80-VMN6P","desc","IC6,","SOP-8_5.28x5.23mm_P1.27mm","libref","8","1","","",
"2.2uH","desc","L2,L1,","IND_PANASONIC_ELLVEG","libref","2","2","","",
"4.7uH","desc","L4,L3,","IND_PANASONIC_ELLVEG","libref","2","2","","",
"Q_BSS84","desc","Q3,","SOT-23","libref","3","1","","",
"2N7002","desc","Q4,Q2,Q1,","SOT-23","libref","3","3","","",
"560k","desc","R10,","R_0402_1005Metric","libref","2","1","","",
"178k","desc","R11,","R_0402_1005Metric","libref","2","1","","",
"4.7k","desc","R13,","R_0402_1005Metric","libref","2","1","","",
"27k","desc","R19,R17,","R_0402_1005Metric","libref","2","2","","",
"180","desc","R2,","R_0402_1005Metric","libref","2","1","","",
"1M","desc","R22,","R_0402_1005Metric","libref","2","1","","",
"3k3","desc","R27,","R_0402_1005Metric","libref","2","1","","",
"220","desc","R3,","R_0402_1005Metric","libref","2","1","","",
"10k","desc","R34,R33,R32,","R_0402_1005Metric","libref","2","3","","",
"3.3k","desc","R39,R38,R35,R25,R24,R23,R21,R20,R28,","R_0402_1005Metric","libref","2","9","","",
"160","desc","R49,R48,R43,R42,R47,R46,R41,R40,R45,R44,","R_0402_1005Metric","libref","2","10","","",
"280k","desc","R5,","R_0402_1005Metric","libref","2","1","","",
"750k","desc","R6,","R_0402_1005Metric","libref","2","1","","",
"51","desc","R69,R68,R63,R62,R67,R66,R61,R60,R65,R64,","R_0402_1005Metric","libref","2","10","","",
"200k","desc","R7,","R_0402_1005Metric","libref","2","1","","",
"100k","desc","R70,R18,R16,R15,R12,R4,","R_0402_1005Metric","libref","2","6","","",
"1k","desc","R72,R37,R31,R30,R29,R26,","R_0402_1005Metric","libref","2","6","","",
"187k","desc","R8,","R_0402_1005Metric","libref","2","1","","",
"464k","desc","R9,","R_0402_1005Metric","libref","2","1","","",
"SW_Push","desc","SW1,","turtlekey","libref","2","1","","",
"XC6SLX16-FTG256","desc","U1,","Xilinx_FTG256","libref","256","1","","",
"K4X1G163PE","desc","U2,","FBGA60-6X10","libref","60","1","","",
"100n","desc","C23,C22,C21,","C_0402_1005Metric","libref","2","3","","",
"10n","desc","C27,","C_0402_1005Metric","libref","2","1","","",
"PRTR5V0U2X","desc","D7,D6,","SOT-143","libref","4","2","","",
"100","desc","R14,R1,","R_0402_1005Metric","libref","2","2","","",
"1k","desc","R36,","R_0402_1005Metric","libref","2","1","","",
"22","desc","R59,R58,R53,R52,R57,R56,R51,R50,R55,R54,","R_0402_1005Metric","libref","2","10","","",
"Through Hole Items ",
"Connector_HDMI_19_Male_+_1_Shield","desc","CN1,","MOLEX_500254-1927","libref","23","1","","",
"10118241-001RLF","desc","J1,","10118241001RLF","libref","23","1","","",
"Conn_02x05_Odd_Even","desc","J3,","debugger_2x05_P1.27mm_Vertical","libref","10","1","","",
"Conn_02x15_Odd_Even","desc","J4,J2,","PinHeader_2x15_P2.54mm_Vertical","libref","30","2","","",
"USB_C","desc","J5,","USB_C","libref","22","1","","",
"CH340E","desc","U3,","MSOP-10-1EP_3x3mm_P0.5mm_EP1.68x1.88mm_ThermalVias","libref","20","1","","",
